{
    "textures": {
        "particle": "ultrafps/brewing_stand_empty",
        "stand": "ultrafps/brewing_stand_empty"
    },
    "elements": [
        {   "from": [ 2, 0, 8 ],
            "to": [ 8, 16, 8 ],
            "rotation": {
                "origin": [ 8, 8, 8 ],
                "axis": "y",
                "angle": 45,
                "rescale": true
            },
            "faces": {
                "north": { "uv": [ 8, 0, 16, 16 ], "texture": "#stand" },
                "south": { "uv": [ 0, 0, 8, 16 ], "texture": "#stand" }
            }
        }
    ]
}
