{
    "ambientocclusion": false,
    "textures": {
        "texture": "blocks/chorus_plant",
        "inside": "blocks/chorus_plant",
        "particle": "blocks/chorus_plant"
    },
    "elements": [
        {   "from": [ 3, 3, 0 ],
            "to": [ 13, 13, 13 ],
            "faces": {
                "down":  { "texture": "#texture" },
                "up":    { "texture": "#texture" },
                "north": { "texture": "#texture", "cullface":"north" },
                "south": { "texture": "#texture" },
                "west":  { "texture": "#texture" },
                "east":  { "texture": "#texture" }
            }
        }
    ]
}
