{
    "ambientocclusion": false,
    "textures": {
        "particle": "ultrafps/tallplant_sunflower_front",
        "front": "ultrafps/tallplant_sunflower_front",
        "side": "ultrafps/tallplant_sunflower_side",
        "back": "ultrafps/tallplant_sunflower_back"
    },
    "elements": [
        {   "from": [ 0.8, 0, 8 ],
            "to": [ 15.2, 32, 8 ],
            "shade": false,
            "faces": {
                "north": { "uv": [ 4, 0, 12, 16 ], "texture": "#side" },
                "south": { "uv": [ 4, 0, 12, 16 ], "texture": "#side" }
            }
        },
        {   "from": [ 8, 0, 0.8 ],
            "to": [ 8, 32, 15.2 ],
            "shade": false,
            "faces": {
                "west": { "uv": [ 4, 0, 12, 16 ], "texture": "#back" },
                "east": { "uv": [ 4, 0, 12, 16 ], "texture": "#front" }
            }
        }
    ]
}
