{
    "ambientocclusion": false,
    "textures": {
        "particle": "ultrafps/tallplant_grass",
        "cross": "ultrafps/tallplant_grass"
    },
    "elements": [
        {   "from": [ 0.8, 0, 8 ],
            "to": [ 15.2, 32, 8 ],
            "rotation": { "origin": [ 8, 8, 8 ], "axis": "y", "angle": 22.5, "rescale": true },
            "shade": false,
            "faces": {
                "north": { "uv": [ 4, 0, 12, 16 ], "texture": "#cross", "tintindex": 0 },
                "south": { "uv": [ 4, 0, 12, 16 ], "texture": "#cross", "tintindex": 0 }
            }
        }
    ]
}
