{   "parent": "block/block",
    "ambientocclusion": false,
    "textures": {
        "particle": "blocks/dragon_egg",
        "all": "blocks/dragon_egg"
    },
    "elements": [
        {   "from": [ 5, 13, 5 ],
            "to": [ 11, 16, 11 ],
            "faces": {
                "up":    { "uv": [ 4,  4, 12, 12 ], "texture": "#all", "cullface": "up" },
                "north": { "uv": [ 4, 13, 12, 16 ], "texture": "#all" },
                "south": { "uv": [ 4, 13, 12, 16 ], "texture": "#all" },
                "west":  { "uv": [ 4, 13, 12, 16 ], "texture": "#all" },
                "east":  { "uv": [ 4, 13, 12, 16 ], "texture": "#all" }
            }
        },
        {   "from": [ 1, 3, 1 ],
            "to": [ 15, 8, 15 ],
            "faces": {
                "down":  { "uv": [ 1, 1, 15, 15 ], "texture": "#all" },
                "up":    { "uv": [ 1, 1, 15, 15 ], "texture": "#all" },
                "north": { "uv": [ 1, 3, 15,  8 ], "texture": "#all" },
                "south": { "uv": [ 1, 3, 15,  8 ], "texture": "#all" },
                "west":  { "uv": [ 1, 3, 15,  8 ], "texture": "#all" },
                "east":  { "uv": [ 1, 3, 15,  8 ], "texture": "#all" }
            }
        },
        {   "from": [ 3, 0, 3 ],
            "to": [ 13, 13, 13 ],
            "faces": {
                "up":    { "uv": [ 3, 3, 13, 13 ], "texture": "#all" },
                "down":  { "uv": [ 3, 3, 13, 13 ], "texture": "#all", "cullface": "down" },
                "north": { "uv": [ 3, 0, 13, 13 ], "texture": "#all" },
                "south": { "uv": [ 3, 0, 13, 13 ], "texture": "#all" },
                "west":  { "uv": [ 3, 0, 13, 13 ], "texture": "#all" },
                "east":  { "uv": [ 3, 0, 13, 13 ], "texture": "#all" }
            }
        }
    ]
}
