{
    "textures": {
        "particle": "#texture"
    },
    "elements": [
        {   "from": [ 8, 6, 0 ],
            "to": [ 8, 15, 16 ],
            "faces": {
                "west":  { "uv": [ 0, 1, 16, 10 ], "texture": "#texture" },
                "east":  { "uv": [ 0, 1, 16, 10 ], "texture": "#texture" }
            }
        },
        {   "from": [ 0, 6, 8 ],
            "to": [ 16, 15, 8 ],
            "faces": {
                "north":  { "uv": [ 0, 1, 16, 10 ], "texture": "#texture" },
                "south":  { "uv": [ 0, 1, 16, 10 ], "texture": "#texture" }
            }
        }
    ]
}
