{
    "textures": {
        "particle": "#texture"
    },
    "elements": [
        {   "from": [ 8, 6, 0 ],
            "to": [ 8, 15, 6 ],
            "faces": {
                "west":  { "uv": [  0, 1,  6, 10 ], "texture": "#texture" },
                "east":  { "uv": [ 10, 1, 16, 10 ], "texture": "#texture" }
            }
        },
        {   "from": [ 10, 6, 8 ],
            "to": [ 16, 15, 8 ],
            "faces": {
                "north":  { "uv": [  0, 1,  6, 10 ], "texture": "#texture" },
                "south":  { "uv": [ 10, 1, 16, 10 ], "texture": "#texture" }
            }
        },
        {   "from": [ 8, 0, 6 ],
            "to": [ 8, 16, 10 ],
            "faces": {
                "west": { "uv": [ 6, 0, 10, 16 ], "texture": "#texture" },
                "east": { "uv": [ 6, 0, 10, 16 ], "texture": "#texture" }
            }
        },
        {   "from": [ 6, 0, 8 ],
            "to": [ 10, 16, 8 ],
            "faces": {
                "north": { "uv": [ 6, 0, 10, 16 ], "texture": "#texture" },
                "south": { "uv": [ 6, 0, 10, 16 ], "texture": "#texture" }
            }
        }
    ]
}
