{
    "textures": {
        "particle": "#texture"
    },
    "elements": [
        {   "from": [ 8, 0, 6 ],
            "to": [ 8, 16, 10 ],
            "faces": {
                "west":  { "uv": [ 6, 0, 10, 16 ], "texture": "#texture" },
                "east":  { "uv": [ 6, 0, 10, 16 ], "texture": "#texture" }
            }
        },
        {   "from": [ 6, 0, 8 ],
            "to": [ 10, 16, 8 ],
            "faces": {
                "north": { "uv": [ 6, 0, 10, 16 ], "texture": "#texture" },
                "south": { "uv": [ 6, 0, 10, 16 ], "texture": "#texture" }
            }
        }
    ]
}
