{
    "textures": {
        "particle": "blocks/dirt",
        "bottom": "blocks/dirt",
        "side": "blocks/grass_side_snowed"
    },
    "elements": [
        {   "from": [ 0, 0, 0 ],
            "to": [ 16, 16.05, 16 ],
            "faces": {
                "down":  { "uv": [ 0, 0, 16, 16 ], "texture": "#bottom", "cullface": "down" },
                "north": { "uv": [ 0, 0, 16, 16 ], "texture": "#side", "cullface": "north" },
                "south": { "uv": [ 0, 0, 16, 16 ], "texture": "#side", "cullface": "south" },
                "east":  { "uv": [ 0, 0, 16, 16 ], "texture": "#side", "cullface": "east" },
                "west":  { "uv": [ 0, 0, 16, 16 ], "texture": "#side", "cullface": "west" }
            }
        }
    ]
}
