{
    "ambientocclusion": false,
    "textures": {
        "particle": "ultrafps/hopper_top",
        "top": "ultrafps/hopper_top",
        "bottom": "ultrafps/hopper_bottom",
        "side": "ultrafps/hopper_down"
    },
    "elements": [
        {   "from": [ 0, 16, 0 ],
            "to": [ 16, 16, 16 ],
            "faces": {
                "up":    { "uv": [ 0, 0, 16, 16 ], "texture": "#top", "cullface": "up" },
                "down":  { "uv": [ 0, 0, 16, 16 ], "texture": "#bottom" }
            }
        },
        {   "from": [ 0, 0, 8 ],
            "to": [ 16, 16, 8 ],
            "faces": {
                "north":  { "uv": [ 0, 0, 16, 16 ], "texture": "#side" },
                "south":  { "uv": [ 0, 0, 16, 16 ], "texture": "#side" }
            }
        },
        {   "from": [ 8, 0, 0 ],
            "to": [ 8, 16, 16 ],
            "faces": {
                "west":  { "uv": [ 0, 0, 16, 16 ], "texture": "#side" },
                "east":  { "uv": [ 0, 0, 16, 16 ], "texture": "#side" }
            }
        }
    ]
}
