{
    "ambientocclusion": false,
    "textures": {
        "particle": "blocks/cobblestone",
        "base": "ultrafps/lever_down",
        "lever": "blocks/lever"
    },
    "elements": [
        {   "from": [ 5, 0, 4 ],
            "to": [ 11, 0.1, 12 ],
            "faces": {
                "up":    { "uv": [ 11, 12, 5, 4 ], "texture": "#base" },
                "down":  { "uv": [ 11, 12, 5, 4 ], "texture": "#base", "cullface": "down" }
            }
        },
        {   "from": [ 8, -1, 7 ],
            "to": [ 8, 9, 9 ],
            "rotation": { "origin": [ 8, 0, 8 ], "axis": "x", "angle": -45 },
            "faces": {
                "west":  { "uv": [ 7, 6, 9, 16 ], "texture": "#lever" },
                "east":  { "uv": [ 7, 6, 9, 16 ], "texture": "#lever" }
            }
        }
    ]
}
