{
    "ambientocclusion": false,
    "textures": {
        "particle": "#pane"
    },
    "elements": [
        {   "from": [ 8, 0, 0 ],
            "to": [ 8, 16, 8 ],
            "faces": {
                "west":  { "uv": [ 0, 0,  8, 16 ], "texture": "#pane" },
                "east":  { "uv": [ 8, 0, 16, 16 ], "texture": "#pane" }
            }
        },
        {   "from": [ 8, 0, 8 ],
            "to": [ 16, 16, 8 ],
            "faces": {
                "north": { "uv": [ 0, 0,  8, 16 ], "texture": "#pane" },
                "south": { "uv": [ 8, 0, 16, 16 ], "texture": "#pane" }
            }
        }
    ]
}
