{
    "ambientocclusion": false,
    "textures": {
        "particle": "blocks/tallgrass",
        "cross": "blocks/tallgrass"
    },
    "elements": [
        {   "from": [ 0, 0, 8 ],
            "to": [ 16, 16, 8 ],
            "rotation": { "origin": [ 8, 8, 8 ], "axis": "y", "angle": -22.5, "rescale": true },
            "shade": false,
            "faces": {
                "north": { "uv": [ 0, 0, 16, 16 ], "texture": "#cross", "tintindex": 0 },
                "south": { "uv": [ 0, 0, 16, 16 ], "texture": "#cross", "tintindex": 0 }
            }
        }
    ]
}
