{
    "textures": {
        "particle": "#texture"
    },
    "elements": [
        {
            "from": [ 0, 4, 7 ],
            "to": [ 0.1, 13, 15 ],
            "faces": {
                "west":  { "uv": [ 0, 1,  8, 10 ], "texture": "#texture" },
                "east":  { "uv": [ 8, 1, 16, 10 ], "texture": "#texture" }
            }
        },
        {
            "from": [ 15.9, 4, 7 ],
            "to": [ 16, 13, 15 ],
            "faces": {
                "west":  { "uv": [ 0, 1,  8, 10 ], "texture": "#texture" },
                "east":  { "uv": [ 8, 1, 16, 10 ], "texture": "#texture" }
            }
        }
    ]
}
