{   "parent": "block/block",
    "display": {
        "gui": {
            "rotation": [ 30, 45, 0 ],
            "translation": [ 0, -1, 0],
            "scale":[ 0.8, 0.8, 0.8 ]
        },
        "head": {
            "rotation": [ 0, 0, 0 ],
            "translation": [ 0, -3, -6],
            "scale":[ 1, 1, 1]
        }
    },
    "textures": {
        "particle": "#texture"
    },
    "elements": [
        {   
            "from": [ 0, 6, 8 ],
            "to": [ 16, 15, 8 ],
            "faces": {
                "north": { "uv": [ 0, 1, 16, 10 ], "texture": "#texture" },
                "south": { "uv": [ 0, 1, 16, 10 ], "texture": "#texture" }
            }
        }
    ]
}
