{
    "ambientocclusion": false,
    "textures": {
        "particle": "blocks/trip_wire",
        "texture": "ultrafps/string"
    },
    "elements": [
        {   "from": [ 7.75, 1.5, 0 ],
            "to": [ 16, 1.5, 8.25 ],
            "shade": false,
            "faces": {
                "down":  { "uv": [ 7.75, 0, 16, 8.25 ], "texture": "#texture", "cullface": "down" },
                "up":    { "uv": [ 7.75, 0, 16, 8.25 ], "texture": "#texture" }
            }
        }
    ]
}
